Date,Department,Units_Produced,Defects,Cycle_Time,Downtime,Expected_Output,Ideal_Cycle_Time
1/1/2025,Assembly,151,10,11.9,71.62,60,8
1/1/2025,Painting,182,6,10.29,103.94,48,10
1/1/2025,Packaging,199,7,8.54,2.47,96,5
1/2/2025,Assembly,101,7,12.16,25.48,60,8
1/2/2025,Painting,163,4,13.09,73.4,48,10
1/2/2025,Packaging,188,0,7.62,47.98,96,5
1/3/2025,Assembly,191,2,9.91,117.99,60,8
1/3/2025,Painting,102,4,13.04,20.46,48,10
1/3/2025,Packaging,138,1,9.74,115.88,96,5
1/4/2025,Assembly,108,9,8.49,82.11,60,8
1/4/2025,Painting,159,6,13.05,99.98,48,10
1/4/2025,Packaging,134,0,6.29,79.5,96,5
1/5/2025,Assembly,101,5,9.04,68.12,60,8
1/5/2025,Painting,192,1,13.88,112.74,48,10
1/5/2025,Packaging,161,3,7.99,110.62,96,5
1/6/2025,Assembly,171,6,10.6,115.34,60,8
1/6/2025,Painting,184,1,12.7,70.41,48,10
1/6/2025,Packaging,188,8,6.48,19.83,96,5
1/7/2025,Assembly,188,6,10.12,47.39,60,8
1/7/2025,Painting,107,7,10.07,23.86,48,10
1/7/2025,Packaging,107,2,8.95,72.72,96,5
1/8/2025,Assembly,140,6,12.25,53.93,60,8
1/8/2025,Painting,132,6,11.55,39.02,48,10
1/8/2025,Packaging,198,7,6.37,67.35,96,5
1/9/2025,Assembly,198,4,12.86,101.87,60,8
1/9/2025,Painting,104,9,11.18,30.73,48,10
1/9/2025,Packaging,126,8,8.55,13.31,96,5
1/10/2025,Assembly,176,2,8.16,76.37,60,8
1/10/2025,Painting,151,3,14.54,29.92,48,10
1/10/2025,Packaging,114,10,6.02,113.14,96,5
1/11/2025,Assembly,170,10,11.47,105.66,60,8
1/11/2025,Painting,141,8,10.53,54.78,48,10
1/11/2025,Packaging,143,3,9.46,64.72,96,5
1/12/2025,Assembly,191,8,9.59,13.21,60,8
1/12/2025,Painting,126,8,14.09,103.29,48,10
1/12/2025,Packaging,169,7,7.67,58.18,96,5
1/13/2025,Assembly,196,2,9.35,29.3,60,8
1/13/2025,Painting,158,5,11.09,66.97,48,10
1/13/2025,Packaging,151,0,5.32,30.47,96,5
1/14/2025,Assembly,111,6,10.49,36.11,60,8
1/14/2025,Painting,155,0,11.33,117.19,48,10
1/14/2025,Packaging,191,5,5.17,41.41,96,5
1/15/2025,Assembly,100,2,11.4,63.71,60,8
1/15/2025,Painting,189,5,11.21,80.66,48,10
1/15/2025,Packaging,174,7,6.19,87.39,96,5
1/16/2025,Assembly,123,4,11.16,76.02,60,8
1/16/2025,Painting,110,0,10.75,60.98,48,10
1/16/2025,Packaging,179,2,7.95,81.31,96,5
1/17/2025,Assembly,118,9,10.56,27.18,60,8
1/17/2025,Painting,195,6,10.87,82.91,48,10
1/17/2025,Packaging,138,1,9.19,81.08,96,5
1/18/2025,Assembly,156,8,9.05,64.97,60,8
1/18/2025,Painting,141,2,11.14,20.99,48,10
1/18/2025,Packaging,159,0,6.21,11.17,96,5
1/19/2025,Assembly,111,4,12.5,75.97,60,8
1/19/2025,Painting,108,8,11.75,87.11,48,10
1/19/2025,Packaging,102,3,9.44,93.59,96,5
1/20/2025,Assembly,123,3,8.42,19.4,60,8
1/20/2025,Painting,137,7,13.03,1.1,48,10
1/20/2025,Packaging,188,2,9.87,34.07,96,5
1/21/2025,Assembly,181,1,11.46,78.24,60,8
1/21/2025,Painting,140,3,13.56,28.47,48,10
1/21/2025,Packaging,120,3,6.83,89.3,96,5
1/22/2025,Assembly,166,0,9.54,65.1,60,8
1/22/2025,Painting,158,2,13.18,30.06,48,10
1/22/2025,Packaging,129,5,9.89,58.41,96,5
1/23/2025,Assembly,107,10,10.17,42.01,60,8
1/23/2025,Painting,196,0,10.98,86.69,48,10
1/23/2025,Packaging,118,3,5.12,77.46,96,5
1/24/2025,Assembly,116,4,12.42,89.73,60,8
1/24/2025,Painting,136,7,11.65,66.33,48,10
1/24/2025,Packaging,194,2,9.9,9.04,96,5
1/25/2025,Assembly,184,6,9.34,58.23,60,8
1/25/2025,Painting,117,8,11.97,101.31,48,10
1/25/2025,Packaging,166,7,5.35,25.07,96,5
1/26/2025,Assembly,146,5,9.79,30.5,60,8
1/26/2025,Painting,101,9,13.7,83.64,48,10
1/26/2025,Packaging,142,5,6.8,35.23,96,5
1/27/2025,Assembly,125,2,9.28,73.38,60,8
1/27/2025,Painting,159,9,10.03,75.35,48,10
1/27/2025,Packaging,119,0,5.35,47.61,96,5
1/28/2025,Assembly,113,2,9.69,45.07,60,8
1/28/2025,Painting,165,6,13.36,39.38,48,10
1/28/2025,Packaging,157,5,7.95,3.66,96,5
1/29/2025,Assembly,151,9,12.11,43.22,60,8
1/29/2025,Painting,159,4,12.61,92.4,48,10
1/29/2025,Packaging,104,6,5.43,6.2,96,5
1/30/2025,Assembly,193,2,11.19,87.13,60,8
1/30/2025,Painting,112,1,12.58,38.75,48,10
1/30/2025,Packaging,116,7,6.35,52.68,96,5
1/31/2025,Assembly,154,9,8.13,115.52,60,8
1/31/2025,Painting,122,8,13.44,6.98,48,10
1/31/2025,Packaging,100,1,6.2,11.26,96,5
2/1/2025,Assembly,188,7,12.67,76.59,60,8
2/1/2025,Painting,160,6,13.29,52.28,48,10
2/1/2025,Packaging,192,6,5.24,67.92,96,5
2/2/2025,Assembly,150,4,8.6,41.03,60,8
2/2/2025,Painting,191,4,10.47,37.37,48,10
2/2/2025,Packaging,161,3,5.88,2.06,96,5
2/3/2025,Assembly,189,4,10.37,20.78,60,8
2/3/2025,Painting,193,4,11.99,73.9,48,10
2/3/2025,Packaging,168,3,5.23,44.95,96,5
2/4/2025,Assembly,118,9,10.51,64.73,60,8
2/4/2025,Painting,103,7,14.72,113.31,48,10
2/4/2025,Packaging,191,10,9,81.26,96,5
2/5/2025,Assembly,134,0,10.29,65.47,60,8
2/5/2025,Painting,200,2,14.1,78.18,48,10
2/5/2025,Packaging,142,1,5.19,74.19,96,5
2/6/2025,Assembly,186,0,11.28,46.25,60,8
2/6/2025,Painting,173,9,11.7,31.28,48,10
2/6/2025,Packaging,106,3,8.46,41.8,96,5
2/7/2025,Assembly,174,7,11.68,96.42,60,8
2/7/2025,Painting,135,9,12.12,68.22,48,10
2/7/2025,Packaging,198,0,8.66,15.32,96,5
2/8/2025,Assembly,195,7,12.34,67.42,60,8
2/8/2025,Painting,111,0,13.4,88.79,48,10
2/8/2025,Packaging,198,8,6.89,64.12,96,5
2/9/2025,Assembly,183,8,9.6,107.46,60,8
2/9/2025,Painting,148,3,10.05,108.65,48,10
2/9/2025,Packaging,175,8,6.6,114.01,96,5
2/10/2025,Assembly,151,2,10.47,9.99,60,8
2/10/2025,Painting,168,2,13.01,66.44,48,10
2/10/2025,Packaging,184,3,9.73,93.76,96,5
2/11/2025,Assembly,138,4,10.47,6.91,60,8
2/11/2025,Painting,194,9,12.21,106.52,48,10
2/11/2025,Packaging,174,1,9.84,82.56,96,5
2/12/2025,Assembly,157,0,8.51,10.09,60,8
2/12/2025,Painting,112,7,10.36,98.62,48,10
2/12/2025,Packaging,165,4,7.57,27.99,96,5
2/13/2025,Assembly,107,0,12.4,28.4,60,8
2/13/2025,Painting,170,8,12.96,42.03,48,10
2/13/2025,Packaging,130,2,8.89,67.01,96,5
2/14/2025,Assembly,190,9,12.53,13.34,60,8
2/14/2025,Painting,166,1,12.34,6.76,48,10
2/14/2025,Packaging,191,7,5.59,77.91,96,5
2/15/2025,Assembly,100,2,10.92,115.46,60,8
2/15/2025,Painting,162,0,10.41,63.4,48,10
2/15/2025,Packaging,105,9,5.06,116.39,96,5
2/16/2025,Assembly,160,4,8.22,110.96,60,8
2/16/2025,Painting,200,3,12.77,116.32,48,10
2/16/2025,Packaging,117,8,6.08,35.34,96,5
2/17/2025,Assembly,100,4,11.48,46.1,60,8
2/17/2025,Painting,186,8,14.58,115.04,48,10
2/17/2025,Packaging,115,7,6.97,12.81,96,5
2/18/2025,Assembly,107,9,8.94,55.64,60,8
2/18/2025,Painting,157,1,11.33,43.24,48,10
2/18/2025,Packaging,199,10,8.49,64.33,96,5
2/19/2025,Assembly,132,4,12.07,82.17,60,8
2/19/2025,Painting,128,2,14.11,113.98,48,10
2/19/2025,Packaging,168,8,7.09,111.93,96,5
2/20/2025,Assembly,104,6,10.06,93.31,60,8
2/20/2025,Painting,117,0,11.88,89.95,48,10
2/20/2025,Packaging,188,5,9.15,68.29,96,5
2/21/2025,Assembly,132,1,8.18,16.06,60,8
2/21/2025,Painting,120,6,14.32,97.55,48,10
2/21/2025,Packaging,194,4,9.98,66.65,96,5
2/22/2025,Assembly,200,4,12.72,101.96,60,8
2/22/2025,Painting,116,4,12.25,15.5,48,10
2/22/2025,Packaging,150,3,6.14,80.6,96,5
2/23/2025,Assembly,131,1,9.79,13.63,60,8
2/23/2025,Painting,125,9,12.6,92.68,48,10
2/23/2025,Packaging,149,0,7.76,67.31,96,5
2/24/2025,Assembly,193,10,10.02,16.08,60,8
2/24/2025,Painting,146,6,13.78,74.44,48,10
2/24/2025,Packaging,165,10,6.06,16.36,96,5
2/25/2025,Assembly,197,5,11.04,76.4,60,8
2/25/2025,Painting,178,10,10.46,87.17,48,10
2/25/2025,Packaging,137,0,8.92,47.59,96,5
2/26/2025,Assembly,150,0,12.75,17.65,60,8
2/26/2025,Painting,155,0,12.46,30.99,48,10
2/26/2025,Packaging,187,4,9.9,59.11,96,5
2/27/2025,Assembly,176,10,10.9,40.99,60,8
2/27/2025,Painting,122,6,12.92,48.04,48,10
2/27/2025,Packaging,115,7,5.9,83.58,96,5
2/28/2025,Assembly,124,2,12.37,61.83,60,8
2/28/2025,Painting,131,1,13.01,26.86,48,10
2/28/2025,Packaging,120,4,6.73,41.71,96,5
3/1/2025,Assembly,121,4,10.74,64.13,60,8
3/1/2025,Painting,111,9,14.47,15.45,48,10
3/1/2025,Packaging,189,10,5.2,95.93,96,5
3/2/2025,Assembly,185,7,12.37,110.5,60,8
3/2/2025,Painting,160,0,11.38,96.74,48,10
3/2/2025,Packaging,198,3,6.05,44.46,96,5
3/3/2025,Assembly,185,9,11.8,63.75,60,8
3/3/2025,Painting,101,9,10.18,30.29,48,10
3/3/2025,Packaging,106,2,9.48,61.4,96,5
3/4/2025,Assembly,117,9,9.77,47.66,60,8
3/4/2025,Painting,163,8,13.69,21.87,48,10
3/4/2025,Packaging,138,8,9.2,10.7,96,5
3/5/2025,Assembly,143,8,12.45,71.23,60,8
3/5/2025,Painting,167,9,13.95,59.81,48,10
3/5/2025,Packaging,199,5,7.93,89.45,96,5
3/6/2025,Assembly,182,9,9.42,43.57,60,8
3/6/2025,Painting,125,1,11.22,59.79,48,10
3/6/2025,Packaging,169,4,9.67,0.9,96,5
3/7/2025,Assembly,120,5,9.83,58.54,60,8
3/7/2025,Painting,193,10,10.44,96.7,48,10
3/7/2025,Packaging,123,6,9.21,6.2,96,5
3/8/2025,Assembly,130,7,11.48,119.67,60,8
3/8/2025,Painting,105,1,12.88,110.09,48,10
3/8/2025,Packaging,178,5,9.88,58.89,96,5
3/9/2025,Assembly,150,8,11.59,64.2,60,8
3/9/2025,Painting,125,2,14.19,24.61,48,10
3/9/2025,Packaging,125,5,8.55,23.94,96,5
3/10/2025,Assembly,119,0,10.65,84.87,60,8
3/10/2025,Painting,113,5,12.91,18.52,48,10
3/10/2025,Packaging,199,10,7.97,44.31,96,5
3/11/2025,Assembly,109,4,8.32,118.8,60,8
3/11/2025,Painting,112,7,14.05,30.56,48,10
3/11/2025,Packaging,200,8,8.8,71.48,96,5
3/12/2025,Assembly,123,5,10.06,41.86,60,8
3/12/2025,Painting,148,4,14.15,115.8,48,10
3/12/2025,Packaging,177,4,8.65,112.6,96,5
3/13/2025,Assembly,175,2,8.33,88.93,60,8
3/13/2025,Painting,121,7,14.14,90.06,48,10
3/13/2025,Packaging,159,2,5.82,97.75,96,5
3/14/2025,Assembly,177,9,12.54,37.94,60,8
3/14/2025,Painting,141,8,13.41,54.23,48,10
3/14/2025,Packaging,113,2,8.12,64.77,96,5
3/15/2025,Assembly,162,0,9.16,107.95,60,8
3/15/2025,Painting,165,4,14.53,74.91,48,10
3/15/2025,Packaging,150,5,9.7,75.32,96,5
3/16/2025,Assembly,171,9,8.7,95.28,60,8
3/16/2025,Painting,128,0,12.67,107.27,48,10
3/16/2025,Packaging,135,5,8.76,84.84,96,5
3/17/2025,Assembly,126,6,8.72,24.55,60,8
3/17/2025,Painting,165,9,12.47,90.56,48,10
3/17/2025,Packaging,137,3,7.29,72.47,96,5
3/18/2025,Assembly,114,7,8.75,27.51,60,8
3/18/2025,Painting,175,1,10.06,71.81,48,10
3/18/2025,Packaging,135,3,8.58,71.88,96,5
3/19/2025,Assembly,119,10,12.8,41.1,60,8
3/19/2025,Painting,105,7,12.12,34.55,48,10
3/19/2025,Packaging,111,9,7.93,60.71,96,5
3/20/2025,Assembly,188,0,8.09,104.65,60,8
3/20/2025,Painting,175,3,14.59,94.81,48,10
3/20/2025,Packaging,136,7,8.26,92.55,96,5
3/21/2025,Assembly,130,9,8.34,9.28,60,8
3/21/2025,Painting,177,7,14.2,109.28,48,10
3/21/2025,Packaging,100,4,9.92,100.67,96,5
3/22/2025,Assembly,153,6,12.6,104.39,60,8
3/22/2025,Painting,154,2,12.96,47.88,48,10
3/22/2025,Packaging,172,4,6.68,96.34,96,5
3/23/2025,Assembly,125,8,8.57,49.74,60,8
3/23/2025,Painting,189,10,14.61,55.88,48,10
3/23/2025,Packaging,190,1,9.59,70.45,96,5
3/24/2025,Assembly,158,10,8.7,21.17,60,8
3/24/2025,Painting,170,3,12.09,109.78,48,10
3/24/2025,Packaging,148,10,8.16,1.57,96,5
3/25/2025,Assembly,184,0,8.89,115.33,60,8
3/25/2025,Painting,148,3,12.07,10.24,48,10
3/25/2025,Packaging,160,7,7.51,71.45,96,5
3/26/2025,Assembly,112,6,10.13,95.97,60,8
3/26/2025,Painting,161,0,10.18,56.65,48,10
3/26/2025,Packaging,139,2,5.33,93.06,96,5
3/27/2025,Assembly,146,1,10.62,52.89,60,8
3/27/2025,Painting,193,5,13.83,12.36,48,10
3/27/2025,Packaging,107,6,9.73,44.8,96,5
3/28/2025,Assembly,173,2,11.22,49.05,60,8
3/28/2025,Painting,186,6,10.78,85.92,48,10
3/28/2025,Packaging,192,7,5.14,26.64,96,5
3/29/2025,Assembly,187,6,11.36,2.37,60,8
3/29/2025,Painting,153,8,14,21.43,48,10
3/29/2025,Packaging,196,7,5.5,29.18,96,5
3/30/2025,Assembly,177,7,12.03,115.52,60,8
3/30/2025,Painting,136,5,11.02,35.18,48,10
3/30/2025,Packaging,147,1,5.07,10.26,96,5
3/31/2025,Assembly,122,4,8.13,21.77,60,8
3/31/2025,Painting,135,1,14.46,98.09,48,10
3/31/2025,Packaging,119,10,6.3,45.56,96,5
4/1/2025,Assembly,186,6,9.34,74.9,60,8
4/1/2025,Painting,137,8,12.18,35.34,48,10
4/1/2025,Packaging,185,7,5.57,67.89,96,5
4/2/2025,Assembly,158,6,12,51.03,60,8
4/2/2025,Painting,180,8,12.71,76.02,48,10
4/2/2025,Packaging,172,5,8.23,50.6,96,5
4/3/2025,Assembly,125,9,12.5,82.95,60,8
4/3/2025,Painting,136,10,14.11,63.56,48,10
4/3/2025,Packaging,141,3,7.49,8.06,96,5
4/4/2025,Assembly,136,8,10.49,86.42,60,8
4/4/2025,Painting,185,4,11.32,31.98,48,10
4/4/2025,Packaging,190,7,6.25,75.97,96,5
4/5/2025,Assembly,152,6,10.87,100.57,60,8
4/5/2025,Painting,184,9,12.11,42.46,48,10
4/5/2025,Packaging,153,10,5.92,10.84,96,5
4/6/2025,Assembly,125,4,12.19,52.46,60,8
4/6/2025,Painting,135,0,13.61,73.25,48,10
4/6/2025,Packaging,153,1,6.98,114.49,96,5
4/7/2025,Assembly,121,4,10.42,32.39,60,8
4/7/2025,Painting,119,2,12.98,6.17,48,10
4/7/2025,Packaging,161,10,7.98,40.11,96,5
4/8/2025,Assembly,125,1,8.53,9.02,60,8
4/8/2025,Painting,116,0,12.48,82.61,48,10
4/8/2025,Packaging,141,8,6.23,98.29,96,5
4/9/2025,Assembly,200,2,9.36,70.83,60,8
4/9/2025,Painting,118,4,10.46,110.08,48,10
4/9/2025,Packaging,160,0,9.75,53.52,96,5
4/10/2025,Assembly,146,7,11.79,76.67,60,8
4/10/2025,Painting,180,6,13.62,76.47,48,10
4/10/2025,Packaging,171,8,9.52,77.6,96,5
4/11/2025,Assembly,158,9,8.26,80.39,60,8
4/11/2025,Painting,131,9,12.94,119.92,48,10
4/11/2025,Packaging,125,4,7.37,37.54,96,5
4/12/2025,Assembly,178,4,11.66,23.11,60,8
4/12/2025,Painting,171,1,12.11,95.44,48,10
4/12/2025,Packaging,194,3,9.22,38.29,96,5
4/13/2025,Assembly,116,7,9.15,14.47,60,8
4/13/2025,Painting,197,2,13.48,40.78,48,10
4/13/2025,Packaging,154,6,5.33,37.83,96,5
4/14/2025,Assembly,103,5,9.59,75.11,60,8
4/14/2025,Painting,115,9,14.38,50.1,48,10
4/14/2025,Packaging,198,9,9.95,0.03,96,5
4/15/2025,Assembly,112,1,12.7,95.85,60,8
4/15/2025,Painting,138,3,10.26,10.63,48,10
4/15/2025,Packaging,161,4,7.4,69.69,96,5
4/16/2025,Assembly,109,8,9.68,62.7,60,8
4/16/2025,Painting,164,0,10.55,42.55,48,10
4/16/2025,Packaging,129,1,6.48,28.03,96,5
4/17/2025,Assembly,124,0,12.55,5.41,60,8
4/17/2025,Painting,114,0,11.96,14.93,48,10
4/17/2025,Packaging,158,9,8.99,31.08,96,5
4/18/2025,Assembly,169,6,12.4,113.37,60,8
4/18/2025,Painting,110,1,10.84,118.94,48,10
4/18/2025,Packaging,158,7,9.71,77.96,96,5
4/19/2025,Assembly,173,10,8.88,26.46,60,8
4/19/2025,Painting,102,7,11.75,6.94,48,10
4/19/2025,Packaging,146,6,9.42,111.33,96,5
4/20/2025,Assembly,160,10,9.98,90.99,60,8
4/20/2025,Painting,161,0,10.77,97.9,48,10
4/20/2025,Packaging,112,7,8.74,4.18,96,5
4/21/2025,Assembly,167,4,8.46,105.3,60,8
4/21/2025,Painting,166,10,10.65,106.65,48,10
4/21/2025,Packaging,124,1,9.31,97.14,96,5
4/22/2025,Assembly,139,8,10.75,10.44,60,8
4/22/2025,Painting,187,5,11.3,86.81,48,10
4/22/2025,Packaging,189,1,5.41,26.42,96,5
4/23/2025,Assembly,176,4,12.96,7.38,60,8
4/23/2025,Painting,144,2,14.12,41.74,48,10
4/23/2025,Packaging,197,7,7.83,32.04,96,5
4/24/2025,Assembly,105,7,11.99,79.01,60,8
4/24/2025,Painting,196,10,14.34,85,48,10
4/24/2025,Packaging,144,8,9.65,12.7,96,5
4/25/2025,Assembly,126,5,8.95,105.8,60,8
4/25/2025,Painting,144,9,12.33,105.49,48,10
4/25/2025,Packaging,141,9,9.1,27.44,96,5
4/26/2025,Assembly,138,1,12.09,99.86,60,8
4/26/2025,Painting,192,6,10.97,10.09,48,10
4/26/2025,Packaging,126,0,7.8,13.9,96,5
4/27/2025,Assembly,197,7,12.09,15.41,60,8
4/27/2025,Painting,182,6,12.71,115.56,48,10
4/27/2025,Packaging,162,4,5.51,112.47,96,5
4/28/2025,Assembly,195,3,8.34,36.12,60,8
4/28/2025,Painting,116,5,13.54,56.83,48,10
4/28/2025,Packaging,121,9,5.37,102.29,96,5
4/29/2025,Assembly,113,3,11.24,71.33,60,8
4/29/2025,Painting,175,6,10.33,98.58,48,10
4/29/2025,Packaging,178,2,6.26,0.12,96,5
4/30/2025,Assembly,197,1,12.99,51.14,60,8
4/30/2025,Painting,112,8,10.82,95.38,48,10
4/30/2025,Packaging,128,10,6.1,9.89,96,5
5/1/2025,Assembly,177,3,11.27,32.79,60,8
5/1/2025,Painting,180,7,12.16,113.23,48,10
5/1/2025,Packaging,179,4,8.19,47.71,96,5
5/2/2025,Assembly,156,4,12.92,49.12,60,8
5/2/2025,Painting,137,1,11.07,3.74,48,10
5/2/2025,Packaging,124,7,6.84,103.72,96,5
5/3/2025,Assembly,179,10,12.84,22.26,60,8
5/3/2025,Painting,116,4,10.77,54.44,48,10
5/3/2025,Packaging,149,3,5.09,95.62,96,5
5/4/2025,Assembly,143,4,12.56,116.1,60,8
5/4/2025,Painting,119,8,10.01,71.8,48,10
5/4/2025,Packaging,183,3,7.79,27.06,96,5
5/5/2025,Assembly,159,5,10.91,32.28,60,8
5/5/2025,Painting,187,7,11.55,54.63,48,10
5/5/2025,Packaging,171,4,5.36,47.1,96,5
5/6/2025,Assembly,194,5,9.46,83.4,60,8
5/6/2025,Painting,132,5,14.54,86.91,48,10
5/6/2025,Packaging,150,7,5.73,12.34,96,5
5/7/2025,Assembly,145,5,11.09,84.3,60,8
5/7/2025,Painting,173,7,10.05,39.18,48,10
5/7/2025,Packaging,101,0,5.44,42.08,96,5
5/8/2025,Assembly,132,3,9.79,38.65,60,8
5/8/2025,Painting,137,6,11,83.18,48,10
5/8/2025,Packaging,114,1,5.21,80.45,96,5
5/9/2025,Assembly,174,2,12.48,71.37,60,8
5/9/2025,Painting,172,6,13.06,35.86,48,10
5/9/2025,Packaging,175,7,9.74,75.04,96,5
5/10/2025,Assembly,183,10,10.42,79.3,60,8
5/10/2025,Painting,179,3,12.99,94.06,48,10
5/10/2025,Packaging,102,8,5.82,52.63,96,5
5/11/2025,Assembly,181,5,10.97,78.04,60,8
5/11/2025,Painting,124,2,11.1,117.1,48,10
5/11/2025,Packaging,199,7,9.36,52.04,96,5
5/12/2025,Assembly,131,2,8.81,2.5,60,8
5/12/2025,Painting,182,5,11.66,65.1,48,10
5/12/2025,Packaging,158,2,5.41,48.39,96,5
5/13/2025,Assembly,160,5,8.15,30.92,60,8
5/13/2025,Painting,175,0,14.34,87.26,48,10
5/13/2025,Packaging,160,7,7.13,41.51,96,5
5/14/2025,Assembly,119,7,10.72,61.68,60,8
5/14/2025,Painting,135,9,13.63,58.4,48,10
5/14/2025,Packaging,165,1,8.96,78.6,96,5
5/15/2025,Assembly,157,5,9.8,46.06,60,8
5/15/2025,Painting,117,7,14.18,28.3,48,10
5/15/2025,Packaging,125,7,7.03,72.22,96,5
5/16/2025,Assembly,141,1,8.9,102.53,60,8
5/16/2025,Painting,140,5,14.35,53.44,48,10
5/16/2025,Packaging,188,3,7.96,19.62,96,5
5/17/2025,Assembly,188,8,10,102.96,60,8
5/17/2025,Painting,104,0,13.87,15.7,48,10
5/17/2025,Packaging,144,6,7.27,28.33,96,5
5/18/2025,Assembly,166,5,8.85,62.37,60,8
5/18/2025,Painting,109,8,12.15,29.85,48,10
5/18/2025,Packaging,142,0,6.26,43.11,96,5
5/19/2025,Assembly,127,8,11.03,42.81,60,8
5/19/2025,Painting,175,4,13.91,84.65,48,10
5/19/2025,Packaging,155,5,6.03,13.43,96,5
5/20/2025,Assembly,177,1,8.61,27.74,60,8
5/20/2025,Painting,125,0,10.61,54.26,48,10
5/20/2025,Packaging,158,4,5.52,70.16,96,5
5/21/2025,Assembly,111,9,9.99,57.59,60,8
5/21/2025,Painting,142,1,11.62,116.77,48,10
5/21/2025,Packaging,138,7,7.58,58.66,96,5
5/22/2025,Assembly,143,5,8.7,3.6,60,8
5/22/2025,Painting,144,3,13.52,24.22,48,10
5/22/2025,Packaging,107,1,5.94,87.7,96,5
5/23/2025,Assembly,128,5,12.34,21.26,60,8
5/23/2025,Painting,133,0,14.19,113.35,48,10
5/23/2025,Packaging,173,1,6.22,99.71,96,5
5/24/2025,Assembly,146,7,11.84,13.57,60,8
5/24/2025,Painting,188,3,13.38,25.88,48,10
5/24/2025,Packaging,179,4,8.33,69.26,96,5
5/25/2025,Assembly,161,1,13,5.79,60,8
5/25/2025,Painting,172,0,12.03,104.49,48,10
5/25/2025,Packaging,172,4,7.84,88.61,96,5
5/26/2025,Assembly,167,1,10.02,39.24,60,8
5/26/2025,Painting,118,5,14.51,105.35,48,10
5/26/2025,Packaging,122,2,9.34,45.08,96,5
5/27/2025,Assembly,153,6,8.03,38.95,60,8
5/27/2025,Painting,175,9,11.98,83.46,48,10
5/27/2025,Packaging,159,8,7.98,65.48,96,5
5/28/2025,Assembly,134,5,8.37,72.41,60,8
5/28/2025,Painting,177,9,13.8,60.05,48,10
5/28/2025,Packaging,184,9,9.76,101.66,96,5
5/29/2025,Assembly,127,4,12.07,13.07,60,8
5/29/2025,Painting,104,1,12.63,29.53,48,10
5/29/2025,Packaging,199,10,8.82,97.56,96,5
5/30/2025,Assembly,142,4,8.98,0.91,60,8
5/30/2025,Painting,146,4,14.49,29.22,48,10
5/30/2025,Packaging,174,2,5.3,112.13,96,5
5/31/2025,Assembly,185,2,8.51,58.3,60,8
5/31/2025,Painting,151,10,14.65,63.87,48,10
5/31/2025,Packaging,107,9,8.05,85.94,96,5
6/1/2025,Assembly,148,3,12.12,62.7,60,8
6/1/2025,Painting,106,9,14,22.15,48,10
6/1/2025,Packaging,162,7,8.97,22.23,96,5
6/2/2025,Assembly,155,3,10.12,10.44,60,8
6/2/2025,Painting,153,0,11.87,63.18,48,10
6/2/2025,Packaging,146,10,5.01,76.56,96,5
6/3/2025,Assembly,120,5,10.97,95.25,60,8
6/3/2025,Painting,114,9,10.87,43.29,48,10
6/3/2025,Packaging,141,7,8.85,66.8,96,5
6/4/2025,Assembly,190,4,9.51,87.83,60,8
6/4/2025,Painting,199,6,13.34,11.46,48,10
6/4/2025,Packaging,135,9,7.26,70.39,96,5
6/5/2025,Assembly,146,0,11.68,103.54,60,8
6/5/2025,Painting,120,0,10.89,37.47,48,10
6/5/2025,Packaging,134,6,7.73,27.83,96,5
6/6/2025,Assembly,177,8,10.48,118.53,60,8
6/6/2025,Painting,134,6,13.48,48.52,48,10
6/6/2025,Packaging,138,8,8.46,118.95,96,5
6/7/2025,Assembly,159,2,11.02,40.47,60,8
6/7/2025,Painting,131,6,13.86,31.79,48,10
6/7/2025,Packaging,200,0,7.98,48.14,96,5
6/8/2025,Assembly,196,10,9.72,74.06,60,8
6/8/2025,Painting,112,0,14.16,80.35,48,10
6/8/2025,Packaging,143,10,8.2,32.54,96,5
6/9/2025,Assembly,171,1,11.4,27.7,60,8
6/9/2025,Painting,157,2,10.95,6.28,48,10
6/9/2025,Packaging,143,1,6.81,119.46,96,5
6/10/2025,Assembly,186,3,8.3,67.48,60,8
6/10/2025,Painting,135,4,10.88,82.8,48,10
6/10/2025,Packaging,154,9,5.48,54.04,96,5
6/11/2025,Assembly,115,0,9.5,117.75,60,8
6/11/2025,Painting,102,6,12,18.29,48,10
6/11/2025,Packaging,104,3,9.64,64.79,96,5
6/12/2025,Assembly,129,4,8.46,30.85,60,8
6/12/2025,Painting,171,6,14.32,73.02,48,10
6/12/2025,Packaging,175,5,5.8,7.57,96,5
6/13/2025,Assembly,135,0,9.14,41,60,8
6/13/2025,Painting,184,1,14.68,66.46,48,10
6/13/2025,Packaging,174,2,6.98,53.66,96,5
6/14/2025,Assembly,167,1,10.58,110.33,60,8
6/14/2025,Painting,142,5,12.83,46.93,48,10
6/14/2025,Packaging,111,0,5.58,98.09,96,5
6/15/2025,Assembly,134,7,10.66,86.57,60,8
6/15/2025,Painting,166,6,11.52,9.71,48,10
6/15/2025,Packaging,120,2,5.87,83.39,96,5
6/16/2025,Assembly,181,3,10.87,111.93,60,8
6/16/2025,Painting,165,8,12.4,37.65,48,10
6/16/2025,Packaging,194,0,8.03,91.78,96,5
6/17/2025,Assembly,151,2,12.76,99.02,60,8
6/17/2025,Painting,112,4,10.61,57.39,48,10
6/17/2025,Packaging,167,8,6.16,9.6,96,5
6/18/2025,Assembly,111,3,10.2,12.68,60,8
6/18/2025,Painting,105,10,13.1,78.02,48,10
6/18/2025,Packaging,182,2,7.82,23.01,96,5
6/19/2025,Assembly,188,1,10.42,90.51,60,8
6/19/2025,Painting,130,7,11.49,51.64,48,10
6/19/2025,Packaging,108,2,5.37,93.92,96,5
6/20/2025,Assembly,106,0,10.55,119.6,60,8
6/20/2025,Painting,116,4,13.08,36.75,48,10
6/20/2025,Packaging,151,3,7.64,51.13,96,5
6/21/2025,Assembly,162,4,12.43,53.97,60,8
6/21/2025,Painting,198,6,12.63,57.8,48,10
6/21/2025,Packaging,170,4,6.94,115.66,96,5
6/22/2025,Assembly,154,1,8.67,50.23,60,8
6/22/2025,Painting,178,4,13.8,16.45,48,10
6/22/2025,Packaging,138,4,6.08,1.45,96,5
6/23/2025,Assembly,184,4,12.01,115.15,60,8
6/23/2025,Painting,135,0,10.55,65.76,48,10
6/23/2025,Packaging,162,4,9.22,11.77,96,5
6/24/2025,Assembly,125,3,12.32,29.22,60,8
6/24/2025,Painting,181,7,14.05,73.69,48,10
6/24/2025,Packaging,128,5,6.96,114.75,96,5
6/25/2025,Assembly,163,0,11.29,113.14,60,8
6/25/2025,Painting,101,0,14.2,4.61,48,10
6/25/2025,Packaging,159,7,7.31,76.46,96,5
6/26/2025,Assembly,133,7,12.48,76.4,60,8
6/26/2025,Painting,178,0,10.33,62.21,48,10
6/26/2025,Packaging,182,4,8.69,61.47,96,5
6/27/2025,Assembly,200,7,8.21,10.18,60,8
6/27/2025,Painting,142,0,10.36,8.55,48,10
6/27/2025,Packaging,123,0,9.78,88.5,96,5
6/28/2025,Assembly,157,3,9.75,92.96,60,8
6/28/2025,Painting,106,2,10.93,20.89,48,10
6/28/2025,Packaging,104,4,8.3,91.72,96,5
6/29/2025,Assembly,163,9,8.1,9.86,60,8
6/29/2025,Painting,191,0,11.48,92.31,48,10
6/29/2025,Packaging,124,8,6.91,24.68,96,5
6/30/2025,Assembly,148,3,11.08,92.96,60,8
6/30/2025,Painting,140,8,12.65,5.03,48,10
6/30/2025,Packaging,109,4,5.63,56.92,96,5
7/1/2025,Assembly,101,5,10.43,110.44,60,8
7/1/2025,Painting,115,1,10.64,40.59,48,10
7/1/2025,Packaging,139,1,6.12,44.66,96,5
7/2/2025,Assembly,158,9,11.06,113.17,60,8
7/2/2025,Painting,129,3,10.61,23.7,48,10
7/2/2025,Packaging,145,0,8.23,34.31,96,5
7/3/2025,Assembly,131,6,12.4,31.01,60,8
7/3/2025,Painting,146,1,13.18,26.53,48,10
7/3/2025,Packaging,107,7,7.79,21.67,96,5
7/4/2025,Assembly,195,10,9.6,90.38,60,8
7/4/2025,Painting,188,5,12.7,87.35,48,10
7/4/2025,Packaging,101,4,8.63,98.13,96,5
7/5/2025,Assembly,194,2,8.75,41.09,60,8
7/5/2025,Painting,121,10,13.79,89.21,48,10
7/5/2025,Packaging,102,5,7.83,82.67,96,5
7/6/2025,Assembly,138,8,11.81,19.21,60,8
7/6/2025,Painting,157,7,11.23,87.18,48,10
7/6/2025,Packaging,164,3,5.5,48.18,96,5
7/7/2025,Assembly,197,10,9.55,89.08,60,8
7/7/2025,Painting,145,6,13.07,82.55,48,10
7/7/2025,Packaging,112,8,7.77,0.63,96,5
7/8/2025,Assembly,189,9,8.18,89.49,60,8
7/8/2025,Painting,113,8,14.79,44.15,48,10
7/8/2025,Packaging,174,2,9.21,56.44,96,5
7/9/2025,Assembly,182,4,8.62,46.25,60,8
7/9/2025,Painting,103,3,13.9,26.07,48,10
7/9/2025,Packaging,125,4,8.32,0.23,96,5
7/10/2025,Assembly,120,9,11.1,42.66,60,8
7/10/2025,Painting,156,3,12.01,104.91,48,10
7/10/2025,Packaging,192,2,5.32,69.6,96,5
7/11/2025,Assembly,154,3,10.8,72.42,60,8
7/11/2025,Painting,133,1,13.01,2.75,48,10
7/11/2025,Packaging,118,0,8.18,17.88,96,5
7/12/2025,Assembly,123,9,11.54,94.63,60,8
7/12/2025,Painting,163,2,12.2,17.69,48,10
7/12/2025,Packaging,154,0,7.17,10.63,96,5
7/13/2025,Assembly,191,10,11.83,88.03,60,8
7/13/2025,Painting,144,0,12.11,76.34,48,10
7/13/2025,Packaging,146,10,8.43,118.94,96,5
7/14/2025,Assembly,174,6,10.86,70.53,60,8
7/14/2025,Painting,160,9,11.67,3.14,48,10
7/14/2025,Packaging,193,5,6.37,62.17,96,5
7/15/2025,Assembly,150,4,8.28,102.33,60,8
7/15/2025,Painting,125,2,11.88,55.41,48,10
7/15/2025,Packaging,183,0,7.18,112.48,96,5
7/16/2025,Assembly,199,5,11.16,5.98,60,8
7/16/2025,Painting,138,1,14.55,93.63,48,10
7/16/2025,Packaging,199,5,5.29,27.03,96,5
7/17/2025,Assembly,159,8,11.76,78.83,60,8
7/17/2025,Painting,135,4,10.34,6.85,48,10
7/17/2025,Packaging,129,5,6.31,29.64,96,5
7/18/2025,Assembly,191,7,12.87,44.54,60,8
7/18/2025,Painting,194,9,14.22,32.18,48,10
7/18/2025,Packaging,172,3,5.17,7.52,96,5
7/19/2025,Assembly,156,4,10.66,49.33,60,8
7/19/2025,Painting,106,5,14.5,2.62,48,10
7/19/2025,Packaging,174,3,5.64,105.86,96,5
7/20/2025,Assembly,120,9,12.14,94.53,60,8
7/20/2025,Painting,113,8,12.47,117.55,48,10
7/20/2025,Packaging,168,2,8.63,22.94,96,5
7/21/2025,Assembly,148,2,9.54,113.64,60,8
7/21/2025,Painting,111,8,10.92,2.64,48,10
7/21/2025,Packaging,167,9,5.44,82.05,96,5
7/22/2025,Assembly,132,0,12.9,27.29,60,8
7/22/2025,Painting,127,9,12.71,95,48,10
7/22/2025,Packaging,148,0,8.06,27.14,96,5
7/23/2025,Assembly,197,0,10.14,16.92,60,8
7/23/2025,Painting,121,8,13.35,55.48,48,10
7/23/2025,Packaging,150,6,7.73,7.47,96,5
7/24/2025,Assembly,139,5,12.03,55.11,60,8
7/24/2025,Painting,163,2,13.93,24.16,48,10
7/24/2025,Packaging,106,4,5.82,39.63,96,5
7/25/2025,Assembly,185,7,8.63,79.16,60,8
7/25/2025,Painting,191,10,14.73,67.22,48,10
7/25/2025,Packaging,127,9,7.79,66.3,96,5
7/26/2025,Assembly,102,7,9.41,46.89,60,8
7/26/2025,Painting,198,5,11.86,54.2,48,10
7/26/2025,Packaging,149,10,8.88,115.74,96,5
7/27/2025,Assembly,111,9,8.47,42.8,60,8
7/27/2025,Painting,140,3,11.38,37.48,48,10
7/27/2025,Packaging,108,7,7.6,53.71,96,5
7/28/2025,Assembly,169,1,9.58,102.86,60,8
7/28/2025,Painting,102,10,11.38,118.02,48,10
7/28/2025,Packaging,132,0,5.17,43.64,96,5
7/29/2025,Assembly,131,10,9.57,95.83,60,8
7/29/2025,Painting,118,8,14.02,60.62,48,10
7/29/2025,Packaging,115,0,7.09,118.09,96,5
7/30/2025,Assembly,120,1,8.83,105.83,60,8
7/30/2025,Painting,194,10,10.81,1.51,48,10
7/30/2025,Packaging,124,2,7.64,86.32,96,5
7/31/2025,Assembly,133,9,8.4,87.78,60,8
7/31/2025,Painting,160,8,14.1,64.9,48,10
7/31/2025,Packaging,182,8,7.36,98.6,96,5
8/1/2025,Assembly,172,4,9.27,98.31,60,8
8/1/2025,Painting,175,9,11.22,13.55,48,10
8/1/2025,Packaging,189,0,6.2,17.04,96,5
8/2/2025,Assembly,140,2,10.25,89.86,60,8
8/2/2025,Painting,156,6,13.1,42.28,48,10
8/2/2025,Packaging,168,10,9.22,30.48,96,5
8/3/2025,Assembly,132,3,11.7,12.76,60,8
8/3/2025,Painting,198,7,10.02,81.8,48,10
8/3/2025,Packaging,169,8,8.28,119.01,96,5
8/4/2025,Assembly,186,2,11.47,61.52,60,8
8/4/2025,Painting,137,4,10.17,36.47,48,10
8/4/2025,Packaging,145,3,9.69,104.54,96,5
8/5/2025,Assembly,138,8,11.94,79.8,60,8
8/5/2025,Painting,181,2,14.54,80.49,48,10
8/5/2025,Packaging,122,10,5.55,53.65,96,5
8/6/2025,Assembly,137,3,9.91,15.46,60,8
8/6/2025,Painting,118,10,12.11,5.04,48,10
8/6/2025,Packaging,187,9,9.83,15.29,96,5
8/7/2025,Assembly,182,2,12.13,83.92,60,8
8/7/2025,Painting,127,3,14.91,74.56,48,10
8/7/2025,Packaging,172,10,8.14,63.92,96,5
8/8/2025,Assembly,118,3,8.56,84.44,60,8
8/8/2025,Painting,160,3,10.48,29.03,48,10
8/8/2025,Packaging,163,0,7.34,36.15,96,5
8/9/2025,Assembly,174,4,9.49,35.99,60,8
8/9/2025,Painting,193,8,10.24,108.35,48,10
8/9/2025,Packaging,107,1,8.34,71.19,96,5
8/10/2025,Assembly,140,7,8.93,9.48,60,8
8/10/2025,Painting,192,0,11.43,51.5,48,10
8/10/2025,Packaging,110,1,7.87,79.06,96,5
8/11/2025,Assembly,147,3,9.1,58.6,60,8
8/11/2025,Painting,172,8,13.35,99.51,48,10
8/11/2025,Packaging,187,0,5.13,83.33,96,5
8/12/2025,Assembly,139,5,10.17,92.87,60,8
8/12/2025,Painting,118,9,10.82,20.47,48,10
8/12/2025,Packaging,120,2,7.23,94.66,96,5
8/13/2025,Assembly,150,3,11.38,15.8,60,8
8/13/2025,Painting,103,5,13.93,116.49,48,10
8/13/2025,Packaging,165,7,8,89.23,96,5
8/14/2025,Assembly,100,7,11.17,8.51,60,8
8/14/2025,Painting,124,1,11.81,56.7,48,10
8/14/2025,Packaging,189,10,5.7,33.22,96,5
8/15/2025,Assembly,164,8,9.66,57.84,60,8
8/15/2025,Painting,139,2,12.24,56.91,48,10
8/15/2025,Packaging,148,5,9.27,5.94,96,5
8/16/2025,Assembly,107,10,12.22,34.19,60,8
8/16/2025,Painting,138,4,12.19,26.22,48,10
8/16/2025,Packaging,153,8,6.99,10.45,96,5
8/17/2025,Assembly,140,0,8.57,41.43,60,8
8/17/2025,Painting,138,6,14.37,59.23,48,10
8/17/2025,Packaging,110,2,7.25,111.53,96,5
8/18/2025,Assembly,144,0,9.95,87.58,60,8
8/18/2025,Painting,171,7,13.35,30.98,48,10
8/18/2025,Packaging,160,0,9.12,114.61,96,5
8/19/2025,Assembly,168,7,12.31,0.25,60,8
8/19/2025,Painting,129,6,10.2,104.59,48,10
8/19/2025,Packaging,117,1,8.33,96.04,96,5
8/20/2025,Assembly,135,1,8.46,71.56,60,8
8/20/2025,Painting,139,3,14.5,48.51,48,10
8/20/2025,Packaging,114,8,9.71,80.23,96,5
8/21/2025,Assembly,173,1,12.44,71.84,60,8
8/21/2025,Painting,113,1,10.69,13.89,48,10
8/21/2025,Packaging,138,2,8.62,14.47,96,5
8/22/2025,Assembly,101,5,12.15,118.95,60,8
8/22/2025,Painting,101,0,13.47,63.9,48,10
8/22/2025,Packaging,164,6,7.89,5.25,96,5
8/23/2025,Assembly,184,0,9.08,55.99,60,8
8/23/2025,Painting,123,8,10.34,46.49,48,10
8/23/2025,Packaging,117,3,8.36,33.05,96,5
8/24/2025,Assembly,152,5,11.94,53.57,60,8
8/24/2025,Painting,197,2,12.25,69.51,48,10
8/24/2025,Packaging,140,6,6.59,69.86,96,5
8/25/2025,Assembly,156,5,11.53,82.61,60,8
8/25/2025,Painting,138,1,10.83,51.66,48,10
8/25/2025,Packaging,167,4,9.45,41.51,96,5
8/26/2025,Assembly,119,2,8.13,77.5,60,8
8/26/2025,Painting,191,2,11.7,8.61,48,10
8/26/2025,Packaging,110,0,5.51,101.66,96,5
8/27/2025,Assembly,107,1,12.21,69.63,60,8
8/27/2025,Painting,164,3,10.84,116.64,48,10
8/27/2025,Packaging,129,7,9.89,63.83,96,5
8/28/2025,Assembly,144,3,8.5,25.06,60,8
8/28/2025,Painting,163,10,10.8,2.8,48,10
8/28/2025,Packaging,158,4,6.45,108.01,96,5
8/29/2025,Assembly,136,9,9.87,56.88,60,8
8/29/2025,Painting,105,3,14.97,65.45,48,10
8/29/2025,Packaging,128,10,9.81,46.74,96,5
8/30/2025,Assembly,195,5,10.71,18.5,60,8
8/30/2025,Painting,148,1,10.84,29.63,48,10
8/30/2025,Packaging,186,2,6.78,99.22,96,5
8/31/2025,Assembly,150,9,8.29,41.09,60,8
8/31/2025,Painting,120,10,12.79,41.67,48,10
8/31/2025,Packaging,191,7,10,18.06,96,5
9/1/2025,Assembly,197,10,9.04,93.89,60,8
9/1/2025,Painting,198,1,13.12,68.33,48,10
9/1/2025,Packaging,118,4,8.65,17.76,96,5
9/2/2025,Assembly,104,0,11.55,108.83,60,8
9/2/2025,Painting,163,10,14.55,86.66,48,10
9/2/2025,Packaging,144,5,5.65,94.86,96,5
9/3/2025,Assembly,191,4,11.97,33.09,60,8
9/3/2025,Painting,145,9,14.72,17.86,48,10
9/3/2025,Packaging,118,9,9.9,58.01,96,5
9/4/2025,Assembly,195,5,10.94,45.04,60,8
9/4/2025,Painting,174,0,12.81,52.95,48,10
9/4/2025,Packaging,126,10,9.59,43.47,96,5
9/5/2025,Assembly,180,2,12.47,54.72,60,8
9/5/2025,Painting,191,2,13.01,70.97,48,10
9/5/2025,Packaging,106,2,6,13.11,96,5
9/6/2025,Assembly,144,0,11.2,35.81,60,8
9/6/2025,Painting,171,2,11.56,30.73,48,10
9/6/2025,Packaging,168,6,5.1,57.22,96,5
9/7/2025,Assembly,192,5,11.61,83.1,60,8
9/7/2025,Painting,141,4,11.79,96.53,48,10
9/7/2025,Packaging,123,2,6.05,114.89,96,5
9/8/2025,Assembly,146,2,12.99,81.22,60,8
9/8/2025,Painting,170,6,10.22,41.01,48,10
9/8/2025,Packaging,136,0,5.35,0.68,96,5
9/9/2025,Assembly,107,4,12.11,97.1,60,8
9/9/2025,Painting,100,3,13.5,12.53,48,10
9/9/2025,Packaging,122,8,8.62,33.64,96,5
9/10/2025,Assembly,103,5,9.53,65.9,60,8
9/10/2025,Painting,113,1,10.03,12.11,48,10
9/10/2025,Packaging,115,1,5.38,60.07,96,5
9/11/2025,Assembly,115,5,8.25,8.75,60,8
9/11/2025,Painting,112,7,11.48,27.89,48,10
9/11/2025,Packaging,138,2,9.02,111.51,96,5
9/12/2025,Assembly,154,10,8.11,69.99,60,8
9/12/2025,Painting,138,0,12.74,26.31,48,10
9/12/2025,Packaging,112,4,6.07,49.93,96,5
9/13/2025,Assembly,124,5,8.94,86.37,60,8
9/13/2025,Painting,131,9,12.93,74.97,48,10
9/13/2025,Packaging,151,3,8.41,29.03,96,5
9/14/2025,Assembly,127,3,9.52,34.8,60,8
9/14/2025,Painting,129,3,10.71,93.04,48,10
9/14/2025,Packaging,181,6,5.79,105.84,96,5
9/15/2025,Assembly,197,10,9.36,48.29,60,8
9/15/2025,Painting,156,0,12.56,5.62,48,10
9/15/2025,Packaging,195,5,8.53,7.52,96,5
9/16/2025,Assembly,149,7,8.02,29.62,60,8
9/16/2025,Painting,163,10,14.13,15.59,48,10
9/16/2025,Packaging,108,10,9.33,68.62,96,5
9/17/2025,Assembly,181,2,10.17,109.19,60,8
9/17/2025,Painting,155,2,10.45,82.44,48,10
9/17/2025,Packaging,189,0,9.65,101.31,96,5
9/18/2025,Assembly,154,9,8.7,30.51,60,8
9/18/2025,Painting,112,4,14.83,91.32,48,10
9/18/2025,Packaging,116,3,8.51,35.77,96,5
9/19/2025,Assembly,120,3,11.91,77.3,60,8
9/19/2025,Painting,141,0,11.8,114.82,48,10
9/19/2025,Packaging,127,8,7.38,13.32,96,5
9/20/2025,Assembly,177,2,9.85,6.28,60,8
9/20/2025,Painting,112,1,12.76,49.9,48,10
9/20/2025,Packaging,101,8,8.29,56.67,96,5
9/21/2025,Assembly,155,5,9.08,81.34,60,8
9/21/2025,Painting,144,1,11.97,111.7,48,10
9/21/2025,Packaging,135,1,8.69,116.95,96,5
9/22/2025,Assembly,143,4,11.41,56.18,60,8
9/22/2025,Painting,164,3,10.43,5.16,48,10
9/22/2025,Packaging,112,8,9.12,93.84,96,5
9/23/2025,Assembly,152,4,11.44,29.03,60,8
9/23/2025,Painting,123,1,10.1,14.92,48,10
9/23/2025,Packaging,109,2,7.46,48.51,96,5
9/24/2025,Assembly,116,5,9.33,86.98,60,8
9/24/2025,Painting,124,3,10.21,47.72,48,10
9/24/2025,Packaging,164,3,7.27,32.07,96,5
9/25/2025,Assembly,180,7,8.66,102.86,60,8
9/25/2025,Painting,152,9,13.85,96.86,48,10
9/25/2025,Packaging,133,4,6.33,2.11,96,5
9/26/2025,Assembly,124,0,11.7,26.79,60,8
9/26/2025,Painting,156,10,13.32,65.81,48,10
9/26/2025,Packaging,199,2,5.12,107.83,96,5
9/27/2025,Assembly,196,6,11.9,54.96,60,8
9/27/2025,Painting,185,10,11.51,7.88,48,10
9/27/2025,Packaging,128,1,8.02,56.81,96,5
9/28/2025,Assembly,186,9,10.91,118.83,60,8
9/28/2025,Painting,104,7,14.96,65.34,48,10
9/28/2025,Packaging,114,5,6.83,27.05,96,5
9/29/2025,Assembly,170,9,12.48,101.66,60,8
9/29/2025,Painting,144,2,10.73,97.33,48,10
9/29/2025,Packaging,167,10,6.3,41.42,96,5
9/30/2025,Assembly,151,5,9.45,56.4,60,8
9/30/2025,Painting,146,8,13.45,82.81,48,10
9/30/2025,Packaging,104,3,8.15,53.72,96,5
10/1/2025,Assembly,153,0,12.79,63.56,60,8
10/1/2025,Painting,114,9,13.4,9.15,48,10
10/1/2025,Packaging,137,5,8.8,65.62,96,5
10/2/2025,Assembly,145,2,8.83,53.46,60,8
10/2/2025,Painting,143,10,13.37,16.44,48,10
10/2/2025,Packaging,174,1,9.27,29.04,96,5
10/3/2025,Assembly,169,8,8.98,114.17,60,8
10/3/2025,Painting,147,7,13.56,117.74,48,10
10/3/2025,Packaging,175,10,7.29,110.33,96,5
10/4/2025,Assembly,186,6,9.07,1.56,60,8
10/4/2025,Painting,105,3,14.15,87.85,48,10
10/4/2025,Packaging,197,0,9.8,62.58,96,5
10/5/2025,Assembly,165,1,11.79,19.4,60,8
10/5/2025,Painting,107,3,11.24,76.87,48,10
10/5/2025,Packaging,138,0,5.81,67.81,96,5
10/6/2025,Assembly,185,5,11.02,100.25,60,8
10/6/2025,Painting,135,4,11.88,66.24,48,10
10/6/2025,Packaging,142,4,6.11,38.6,96,5
10/7/2025,Assembly,165,6,11.64,11.45,60,8
10/7/2025,Painting,200,10,10.15,57.71,48,10
10/7/2025,Packaging,112,9,9.51,18.46,96,5
10/8/2025,Assembly,126,1,12.97,5.39,60,8
10/8/2025,Painting,192,6,11.86,47.09,48,10
10/8/2025,Packaging,193,2,5.29,53.32,96,5
10/9/2025,Assembly,189,0,11.94,30.12,60,8
10/9/2025,Painting,183,4,11.79,78.8,48,10
10/9/2025,Packaging,100,9,9.39,116.92,96,5
10/10/2025,Assembly,186,9,12.2,90.21,60,8
10/10/2025,Painting,104,9,14.78,17.78,48,10
10/10/2025,Packaging,140,3,7.91,52.39,96,5
10/11/2025,Assembly,150,4,10.58,91.05,60,8
10/11/2025,Painting,118,6,14.47,113.57,48,10
10/11/2025,Packaging,139,4,7.1,93.64,96,5
10/12/2025,Assembly,183,1,9.02,70.94,60,8
10/12/2025,Painting,140,2,12.97,3.94,48,10
10/12/2025,Packaging,190,3,6.48,105.54,96,5
10/13/2025,Assembly,100,2,8.48,99.21,60,8
10/13/2025,Painting,162,3,13.47,92.53,48,10
10/13/2025,Packaging,103,2,7.58,55.6,96,5
10/14/2025,Assembly,152,7,9.45,111.72,60,8
10/14/2025,Painting,194,4,13.83,0,48,10
10/14/2025,Packaging,159,5,6.81,86.78,96,5
10/15/2025,Assembly,139,6,9.02,1.21,60,8
10/15/2025,Painting,183,2,14.41,6.23,48,10
10/15/2025,Packaging,167,5,8.66,76.88,96,5
10/16/2025,Assembly,140,4,11.8,73.16,60,8
10/16/2025,Painting,129,4,13.56,98.01,48,10
10/16/2025,Packaging,177,8,6.85,108.23,96,5
10/17/2025,Assembly,199,6,9.1,91.5,60,8
10/17/2025,Painting,153,4,10.75,45.68,48,10
10/17/2025,Packaging,130,9,8.55,20.08,96,5
10/18/2025,Assembly,108,0,12.76,5.09,60,8
10/18/2025,Painting,116,3,14.75,75.86,48,10
10/18/2025,Packaging,120,4,5.51,61.66,96,5
10/19/2025,Assembly,188,2,9.85,111.95,60,8
10/19/2025,Painting,187,1,13.49,85.72,48,10
10/19/2025,Packaging,169,0,5.61,15.02,96,5
10/20/2025,Assembly,156,0,8.15,6.23,60,8
10/20/2025,Painting,172,5,11.68,117.42,48,10
10/20/2025,Packaging,102,0,8.51,87.25,96,5
10/21/2025,Assembly,146,6,10.75,37.44,60,8
10/21/2025,Painting,189,3,13.93,88.13,48,10
10/21/2025,Packaging,117,0,5.13,100.68,96,5
10/22/2025,Assembly,177,9,11.08,101.19,60,8
10/22/2025,Painting,103,7,13.52,98.06,48,10
10/22/2025,Packaging,196,0,7.7,51.55,96,5
10/23/2025,Assembly,168,10,10.41,14.22,60,8
10/23/2025,Painting,163,2,14.76,27.21,48,10
10/23/2025,Packaging,142,9,9.04,81.26,96,5
10/24/2025,Assembly,143,6,9.58,97.97,60,8
10/24/2025,Painting,156,4,10.35,37.54,48,10
10/24/2025,Packaging,166,1,9.16,108.73,96,5
10/25/2025,Assembly,181,3,11.37,6.22,60,8
10/25/2025,Painting,111,4,11.53,42.36,48,10
10/25/2025,Packaging,116,5,6.67,87.92,96,5
10/26/2025,Assembly,177,4,8.34,94.05,60,8
10/26/2025,Painting,161,1,12.16,82.25,48,10
10/26/2025,Packaging,168,10,5.28,44.87,96,5
10/27/2025,Assembly,167,0,11.21,80.58,60,8
10/27/2025,Painting,178,6,10.99,50.2,48,10
10/27/2025,Packaging,153,7,9.95,39.03,96,5
10/28/2025,Assembly,162,9,12.57,1.38,60,8
10/28/2025,Painting,161,9,10.9,116.48,48,10
10/28/2025,Packaging,168,8,8.69,84.55,96,5
10/29/2025,Assembly,140,0,9.73,47.71,60,8
10/29/2025,Painting,102,9,12.58,88.82,48,10
10/29/2025,Packaging,101,7,8.28,116.22,96,5
10/30/2025,Assembly,142,6,8.38,9.07,60,8
10/30/2025,Painting,119,10,12.15,83.5,48,10
10/30/2025,Packaging,118,3,5.46,66.41,96,5
10/31/2025,Assembly,152,1,11.52,44.79,60,8
10/31/2025,Painting,126,9,12.25,80.65,48,10
10/31/2025,Packaging,169,8,7.63,29.94,96,5
11/1/2025,Assembly,101,3,12.73,12.71,60,8
11/1/2025,Painting,109,4,14.72,88.38,48,10
11/1/2025,Packaging,147,4,6.01,70.51,96,5
11/2/2025,Assembly,197,8,8.25,75.3,60,8
11/2/2025,Painting,144,3,14.68,65.04,48,10
11/2/2025,Packaging,182,0,6.1,87.09,96,5
11/3/2025,Assembly,145,9,11.7,25.76,60,8
11/3/2025,Painting,137,0,12.49,89.14,48,10
11/3/2025,Packaging,149,2,9.45,10.12,96,5
11/4/2025,Assembly,124,3,10.17,86.81,60,8
11/4/2025,Painting,125,2,12.95,73.6,48,10
11/4/2025,Packaging,140,9,8.5,24.48,96,5
11/5/2025,Assembly,138,0,12.09,6,60,8
11/5/2025,Painting,151,0,11.07,32.5,48,10
11/5/2025,Packaging,147,1,5.31,55.07,96,5
11/6/2025,Assembly,166,9,10.99,71.38,60,8
11/6/2025,Painting,193,6,14.19,96.61,48,10
11/6/2025,Packaging,118,3,9.66,65.31,96,5
11/7/2025,Assembly,145,2,11.08,89.15,60,8
11/7/2025,Painting,190,7,10.34,44.53,48,10
11/7/2025,Packaging,172,5,9,40.03,96,5
11/8/2025,Assembly,159,0,12.48,79.98,60,8
11/8/2025,Painting,155,10,12.27,75.63,48,10
11/8/2025,Packaging,159,5,7.14,53.11,96,5
11/9/2025,Assembly,136,1,12.12,35.09,60,8
11/9/2025,Painting,110,9,10.11,36.13,48,10
11/9/2025,Packaging,106,10,7.46,111.25,96,5
11/10/2025,Assembly,178,0,11.82,49.16,60,8
11/10/2025,Painting,100,5,10.8,19.26,48,10
11/10/2025,Packaging,104,0,5.93,79.71,96,5
11/11/2025,Assembly,170,2,12.07,82.22,60,8
11/11/2025,Painting,134,3,11.45,37.18,48,10
11/11/2025,Packaging,159,10,7.58,64.27,96,5
11/12/2025,Assembly,120,9,12.14,94.72,60,8
11/12/2025,Painting,154,6,14.76,39.21,48,10
11/12/2025,Packaging,148,9,6.36,27.81,96,5
11/13/2025,Assembly,184,8,8.39,99.46,60,8
11/13/2025,Painting,138,5,12.61,95.34,48,10
11/13/2025,Packaging,186,0,6.72,55.42,96,5
11/14/2025,Assembly,129,8,8.07,35.51,60,8
11/14/2025,Painting,136,6,10.9,83.27,48,10
11/14/2025,Packaging,122,0,8.7,103.56,96,5
11/15/2025,Assembly,200,5,11.95,35.61,60,8
11/15/2025,Painting,132,0,12.07,87.89,48,10
11/15/2025,Packaging,177,9,6.77,12.64,96,5
11/16/2025,Assembly,135,1,10.6,72.93,60,8
11/16/2025,Painting,177,6,10.29,46.92,48,10
11/16/2025,Packaging,118,5,6.1,115.18,96,5
11/17/2025,Assembly,171,10,10.78,49.89,60,8
11/17/2025,Painting,161,0,12.7,83.57,48,10
11/17/2025,Packaging,146,9,5.86,60.01,96,5
11/18/2025,Assembly,112,5,10.88,2.66,60,8
11/18/2025,Painting,176,0,12.48,111.98,48,10
11/18/2025,Packaging,138,7,8.46,24.75,96,5
11/19/2025,Assembly,168,9,12.48,24.52,60,8
11/19/2025,Painting,148,6,12.1,2.17,48,10
11/19/2025,Packaging,116,10,5.35,56.91,96,5
11/20/2025,Assembly,178,4,9.11,85.76,60,8
11/20/2025,Painting,115,8,13.66,83.67,48,10
11/20/2025,Packaging,155,0,7.33,104.9,96,5
11/21/2025,Assembly,140,2,8.64,34.26,60,8
11/21/2025,Painting,170,2,14.1,48.55,48,10
11/21/2025,Packaging,114,2,5.07,49.17,96,5
11/22/2025,Assembly,156,7,8.08,33.71,60,8
11/22/2025,Painting,165,7,14.39,46.73,48,10
11/22/2025,Packaging,156,7,9.84,7.99,96,5
11/23/2025,Assembly,156,0,8.37,45.06,60,8
11/23/2025,Painting,144,5,12.17,119.66,48,10
11/23/2025,Packaging,192,2,6.1,42.06,96,5
11/24/2025,Assembly,163,7,8.34,44.35,60,8
11/24/2025,Painting,159,3,10.23,41.99,48,10
11/24/2025,Packaging,195,10,6.9,99.76,96,5
11/25/2025,Assembly,148,8,8.03,96.54,60,8
11/25/2025,Painting,160,7,12.74,7.98,48,10
11/25/2025,Packaging,107,8,7.92,93.84,96,5
11/26/2025,Assembly,144,6,11.39,91.02,60,8
11/26/2025,Painting,198,4,11.04,85.59,48,10
11/26/2025,Packaging,158,6,8.31,41.64,96,5
11/27/2025,Assembly,105,9,12.54,91.05,60,8
11/27/2025,Painting,102,4,13.27,106.7,48,10
11/27/2025,Packaging,200,4,8.16,18.78,96,5
11/28/2025,Assembly,141,10,9.35,24.27,60,8
11/28/2025,Painting,158,8,11.21,25.79,48,10
11/28/2025,Packaging,193,9,7.54,22.55,96,5
11/29/2025,Assembly,180,9,11.48,45.94,60,8
11/29/2025,Painting,189,6,13.3,95.55,48,10
11/29/2025,Packaging,161,5,7.67,76.41,96,5
11/30/2025,Assembly,166,0,10.64,99.11,60,8
11/30/2025,Painting,120,9,11.39,78.57,48,10
11/30/2025,Packaging,106,5,5.32,93.21,96,5
12/1/2025,Assembly,178,3,10.31,118,60,8
12/1/2025,Painting,187,3,13.87,89.74,48,10
12/1/2025,Packaging,132,7,5.16,31.15,96,5
12/2/2025,Assembly,169,4,12.44,98.92,60,8
12/2/2025,Painting,159,7,14.29,94.05,48,10
12/2/2025,Packaging,188,7,6.01,61.7,96,5
12/3/2025,Assembly,128,6,12.98,99.05,60,8
12/3/2025,Painting,101,7,11.25,69.2,48,10
12/3/2025,Packaging,137,10,9.99,39.2,96,5
12/4/2025,Assembly,130,10,12.03,102.96,60,8
12/4/2025,Painting,190,2,12.86,36.48,48,10
12/4/2025,Packaging,112,0,9.81,107.01,96,5
12/5/2025,Assembly,120,2,10.03,1.64,60,8
12/5/2025,Painting,147,4,11.16,1.73,48,10
12/5/2025,Packaging,177,7,8.12,91.48,96,5
12/6/2025,Assembly,131,6,12.19,74.34,60,8
12/6/2025,Painting,198,2,13.12,103.73,48,10
12/6/2025,Packaging,109,2,7.9,118.88,96,5
12/7/2025,Assembly,118,10,11.38,16.61,60,8
12/7/2025,Painting,124,3,12.85,104.21,48,10
12/7/2025,Packaging,110,1,6.71,63.32,96,5
12/8/2025,Assembly,158,4,12.98,117.73,60,8
12/8/2025,Painting,103,5,14.02,85.81,48,10
12/8/2025,Packaging,124,10,9.75,99.94,96,5
12/9/2025,Assembly,126,6,12.32,13.21,60,8
12/9/2025,Painting,174,4,13.16,6.53,48,10
12/9/2025,Packaging,158,8,8.24,33.03,96,5
12/10/2025,Assembly,182,0,11.18,71.92,60,8
12/10/2025,Painting,114,7,13.53,54.62,48,10
12/10/2025,Packaging,146,0,9.19,20.37,96,5
12/11/2025,Assembly,119,1,11.9,73.16,60,8
12/11/2025,Painting,142,7,14.01,115.31,48,10
12/11/2025,Packaging,102,7,9.77,105.79,96,5
12/12/2025,Assembly,165,4,12.17,77.11,60,8
12/12/2025,Painting,153,9,13.7,11.39,48,10
12/12/2025,Packaging,142,5,8.51,7.98,96,5
12/13/2025,Assembly,189,0,11.03,105.72,60,8
12/13/2025,Painting,115,10,11.06,103.56,48,10
12/13/2025,Packaging,155,10,8.69,34.38,96,5
12/14/2025,Assembly,172,2,9,25.95,60,8
12/14/2025,Painting,180,6,13.09,112.89,48,10
12/14/2025,Packaging,193,3,6.74,52.25,96,5
12/15/2025,Assembly,111,0,11.35,107.03,60,8
12/15/2025,Painting,128,2,12.76,94.73,48,10
12/15/2025,Packaging,170,9,6.15,56.29,96,5
12/16/2025,Assembly,187,9,8.37,52.61,60,8
12/16/2025,Painting,183,2,14.93,19.92,48,10
12/16/2025,Packaging,171,7,5.04,18.67,96,5
12/17/2025,Assembly,110,7,9.1,2.46,60,8
12/17/2025,Painting,109,6,11.83,42.44,48,10
12/17/2025,Packaging,112,3,6.05,97.08,96,5
12/18/2025,Assembly,194,1,9.71,103.76,60,8
12/18/2025,Painting,186,5,12.42,36.29,48,10
12/18/2025,Packaging,191,4,7.39,93.67,96,5
12/19/2025,Assembly,123,2,8.02,20.91,60,8
12/19/2025,Painting,186,0,12.21,118.11,48,10
12/19/2025,Packaging,156,6,5.28,50.23,96,5
12/20/2025,Assembly,108,5,11.63,68.91,60,8
12/20/2025,Painting,175,7,13.32,23.91,48,10
12/20/2025,Packaging,178,6,9.2,118.73,96,5
12/21/2025,Assembly,108,7,9.86,23.42,60,8
12/21/2025,Painting,181,8,12.46,57.98,48,10
12/21/2025,Packaging,182,6,5.59,95.97,96,5
12/22/2025,Assembly,115,6,11.49,49.94,60,8
12/22/2025,Painting,195,7,10.98,114.17,48,10
12/22/2025,Packaging,200,5,7.84,69.52,96,5
12/23/2025,Assembly,189,5,9.15,66.32,60,8
12/23/2025,Painting,124,10,10.71,68.51,48,10
12/23/2025,Packaging,191,4,6.39,26.25,96,5
12/24/2025,Assembly,197,5,11.02,69.19,60,8
12/24/2025,Painting,171,8,13.93,30.34,48,10
12/24/2025,Packaging,109,2,9.47,40.5,96,5
12/25/2025,Assembly,158,4,8.88,80.73,60,8
12/25/2025,Painting,140,4,14.37,29.96,48,10
12/25/2025,Packaging,121,3,5,104.48,96,5
12/26/2025,Assembly,148,3,9.88,27.85,60,8
12/26/2025,Painting,135,0,12.77,23.94,48,10
12/26/2025,Packaging,123,9,6.19,113.82,96,5
12/27/2025,Assembly,122,7,9.04,28.58,60,8
12/27/2025,Painting,158,6,10.03,92.7,48,10
12/27/2025,Packaging,160,6,7.44,51.6,96,5
12/28/2025,Assembly,116,6,12.68,45.1,60,8
12/28/2025,Painting,193,1,10.85,3.66,48,10
12/28/2025,Packaging,120,6,8.23,27.21,96,5
12/29/2025,Assembly,114,8,10.34,92.83,60,8
12/29/2025,Painting,152,6,13.13,33.42,48,10
12/29/2025,Packaging,156,3,9.64,119.57,96,5
12/30/2025,Assembly,143,2,11.77,25.86,60,8
12/30/2025,Painting,131,0,13.87,109.8,48,10
12/30/2025,Packaging,107,7,9.61,83.47,96,5
